Only If,0:1:40,Apollo XXI,Steve Lacy
Room Temperature,0:4:04,Atlanta Millionaires Club,Faye Webster
Like Me,0:9:04,Apollo XXI,Steve Lacy
Lay Me Down,0:3:03,Apollo XXI,Steve Lacy
In Lust We Trust,0:2:00,Apollo XXI,Steve Lacy
Right Side of My Neck,0:2:33,Atlanta Millionaires Club,Faye Webster
Hurts Me Too,0:3:21,Atlanta Millionaires Club,Faye Webster
Pigeon,0:2:38,Atlanta Millionaires Club,Faye Webster
Playground,0:3:33,Apollo XXI,Steve Lacy
Jonny,0:3:46,Atlanta Millionaires Club,Faye Webster
Amandla's Interlude,0:3:10,Apollo XXI,Steve Lacy
Guide,0:2:21,Apollo XXI,Steve Lacy
Kingston,0:3:22,Atlanta Millionaires Club,Faye Webster
N Side,0:3:42,Apollo XXI,Steve Lacy
Come to Atlanta,0:2:32,Atlanta Millionaires Club,Faye Webster
Basement Jack,0:1:49,Apollo XXI,Steve Lacy
What Used to Be Mine,0:3:08,Atlanta Millionaires Club,Faye Webster
Flowers (featuring Father),0:4:21,Atlanta Millionaires Club,Faye Webster
Hate CD,0:2:40,Apollo XXI,Steve Lacy
Jonny (Reprise),0:2:00,Atlanta Millionaires Club,Faye Webster
Love 2 Fast,0:3:42,Apollo XXI,Steve Lacy
Outro Freestyle/4ever,0:6:14,Apollo XXI,Steve Lacy